{
  "company_name": "Aross AB",
  "orgnr": "559563-5102",
  "folder_name": "K969743-25",
  "preview_url": "https://demo-kzmjkmdwg06zd3psmu7i.vusercontent.net",
  "chat_id": "pjaAd5X8Bc8",
  "version_id": "b_IjPw5eEX9Rn",
  "cost": {
    "estimated": {
      "estimated_prompt_tokens": 1056,
      "estimated_completion_tokens": 3500,
      "estimated_total_tokens": 4556,
      "estimated_cost_usd": 0.027834,
      "model": "v0-1.5-md",
      "timestamp": "2025-12-19T16:54:18.222159"
    },
    "actual": null,
    "generated_at": "2025-12-19T16:57:45.960831"
  },
  "generated_at": "2025-12-19T16:57:45.960839"
}