{
  "company_name": "JRO PM Consult AB",
  "orgnr": "559563-4055",
  "folder_name": "K969513-25",
  "preview_url": "https://demo-kzmqdgk7dbjg6bmaglse.vusercontent.net",
  "chat_id": "hYxsUCxX3U8",
  "version_id": "b_v09qvYlnmdN",
  "cost": {
    "estimated": {
      "estimated_prompt_tokens": 974,
      "estimated_completion_tokens": 3500,
      "estimated_total_tokens": 4474,
      "estimated_cost_usd": 0.027711,
      "model": "v0-1.5-md",
      "timestamp": "2025-12-19T16:47:41.838790"
    },
    "actual": null,
    "generated_at": "2025-12-19T16:50:28.731707"
  },
  "generated_at": "2025-12-19T16:50:28.731714"
}