{
  "company_name": "100flow AB",
  "orgnr": "559563-5029",
  "folder_name": "K969635-25",
  "preview_url": "https://demo-kzmj3iibwn2wkojrw12d.vusercontent.net",
  "chat_id": "mzbm8QpSy4o",
  "version_id": "b_FInRF7aHcte",
  "cost": {
    "estimated": {
      "estimated_prompt_tokens": 885,
      "estimated_completion_tokens": 3500,
      "estimated_total_tokens": 4385,
      "estimated_cost_usd": 0.027577,
      "model": "v0-1.5-md",
      "timestamp": "2025-12-19T16:58:17.742020"
    },
    "actual": null,
    "generated_at": "2025-12-19T17:01:33.273147"
  },
  "generated_at": "2025-12-19T17:01:33.273156"
}