{
  "url": "https://poit.bolagsverket.se/poit-app/kungorelse/K969666-25",
  "kungorelseId": "K969666-25",
  "textContent": "In English\n\nStart\nSök kungörelse\nSök kungörelse av årsredovisning\nBli kund Logga in\nBolagsverkets registreringar\nAktiebolagsregistret\nNyregistreringar\n\nNamn/fastighetsbeteckning\n\nEH Förvaltning i Vinslöv AB, 559563-4410\n\nRegistreringsdatum\n\n2025-12-17\n\nLän\n\nSkåne län\n\nPubliceringsdatum\n\n2025-12-19\n\nKungörelse-id\n\nK969666/25\n\nUppgiftslämnare\n\nBolagsverket\n\nKungörelsetext\nOrg nr: 559563-4410\nFöretagsnamn: EH Förvaltning i Vinslöv AB\nSäte: Hässleholm\nPostadress: Ry 1241, 288 90 VINSLÖV,\nE-post: elias@jomisystem.se\nTyp: Privat aktiebolag\nBildat: 2025-12-04\nVerksamhet: Förvaltning av värdepapper\nRäkenskapsår: 0701 - 0630\nAktiekapital: 25.000 SEK Lägst: 25.000 SEK Högst: 100.000 SEK Antal aktier: 500. Lägst: 500. Högst: 2.000.\nKallelse: Kallelse sker genom e-post.\nFöreskrift om antal styrelseledamöter/styrelsesuppleanter: Lägst antal ordinarie ledamöter: 1, högst antal ordinarie ledamöter: 10. Lägst antal suppleanter: 1, högst antal suppleanter: 10.\nFörbehåll/avvikelser/villkor: Bestämmelse att företaget inte behöver ha revisor.\nStyrelseledamöter: 19910509-2630 Holmström, Michael Elias, RY 1241, 288 90 VINSLÖV,\nStyrelsesuppleanter: 19921117-2623 Fransson Holmström, Jonna Rebecca, RY 1241, 288 90 VINSLÖV,\nFirmateckning: Firman tecknas av styrelsen\nFirman tecknas var för sig av\nledamoten\nsuppleanten\n« Tillbaka\nSkriv ut\n0771-670 670\n\nBolagsverket\nPost- och Inrikes Tidningar\n851 81 Sundsvall\n\nKontakta oss\n\nOm tjänsten\n\nTillgänglighet \n\nPersonuppgifter \n\nVillkor",
  "htmlContent": "<div data-v-f586e3e1=\"\" class=\"container\"><div data-v-d9a29b7e=\"\" class=\"page\"> <div data-v-d9a29b7e=\"\"><!----><!----><div data-v-d9a29b7e=\"\" class=\"row\"><div data-v-d9a29b7e=\"\" class=\"col-md-12\"><h1 data-v-d9a29b7e=\"\" class=\"py-3\">Bolagsverkets registreringar</h1><h2 data-v-d9a29b7e=\"\" class=\"d-md-inline py-1 me-md-3\">Aktiebolagsregistret</h2><h3 data-v-d9a29b7e=\"\" class=\"mt-3\">Nyregistreringar</h3></div></div><form data-v-d9a29b7e=\"\" class=\"\"><div data-v-d9a29b7e=\"\" class=\"row\"><div data-v-d9a29b7e=\"\" class=\"col-12 col-lg-10 col-xl-8 pt-4\"><div data-v-d9a29b7e=\"\" class=\"row\"><div data-v-d9a29b7e=\"\" class=\"col-md-4\"><p data-v-d9a29b7e=\"\" class=\"label\">Namn/fastighetsbeteckning</p></div><div data-v-d9a29b7e=\"\" class=\"col-md-8\"><p data-v-d9a29b7e=\"\" id=\"fysjur\">EH Förvaltning i Vinslöv AB, <span data-v-d9a29b7e=\"\" class=\"nowrap\">559563-4410</span></p></div></div><div data-v-d9a29b7e=\"\" class=\"row\"><div data-v-d9a29b7e=\"\" class=\"col-md-4\"><p data-v-d9a29b7e=\"\" class=\"label\">Registreringsdatum</p></div><div data-v-d9a29b7e=\"\" class=\"col-md-8\"><p data-v-d9a29b7e=\"\" id=\"datum\">2025-12-17</p></div></div><div data-v-d9a29b7e=\"\" class=\"row\"><div data-v-d9a29b7e=\"\" class=\"col-md-4\"><p data-v-d9a29b7e=\"\" class=\"label\">Län</p></div><div data-v-d9a29b7e=\"\" class=\"col-md-8\"><p data-v-d9a29b7e=\"\" id=\"lan\">Skåne län</p></div></div><div data-v-d9a29b7e=\"\" class=\"row\"><div data-v-d9a29b7e=\"\" class=\"col-md-4\"><p data-v-d9a29b7e=\"\" class=\"label\">Publiceringsdatum</p></div><div data-v-d9a29b7e=\"\" class=\"col-md-8\"><p data-v-d9a29b7e=\"\" id=\"publiceringsdatum\">2025-12-19</p></div></div><div data-v-d9a29b7e=\"\" class=\"row\"><div data-v-d9a29b7e=\"\" class=\"col-md-4\"><p data-v-d9a29b7e=\"\" class=\"label\">Kungörelse-id</p></div><div data-v-d9a29b7e=\"\" class=\"col-md-8\"><p data-v-d9a29b7e=\"\" id=\"kungorelseid\">K969666/25</p></div></div><div data-v-d9a29b7e=\"\" class=\"row\"><div data-v-d9a29b7e=\"\" class=\"col-md-4\"><p data-v-d9a29b7e=\"\" class=\"label\">Uppgiftslämnare</p></div><div data-v-d9a29b7e=\"\" class=\"col-md-8\"><p data-v-d9a29b7e=\"\" id=\"kund\">Bolagsverket</p></div></div></div><div data-v-d9a29b7e=\"\" class=\"col-12\"><div data-v-d9a29b7e=\"\" class=\"mt-3\"><div data-v-d9a29b7e=\"\" class=\"infobox p-4 border blv-border-light bg-white\"><h4 data-v-d9a29b7e=\"\">Kungörelsetext</h4><div data-v-d9a29b7e=\"\"><b>Org nr:</b> 559563-4410 <br><b>Företagsnamn:</b> EH Förvaltning i Vinslöv AB <br><b>Säte:</b> Hässleholm <br><b>Postadress:</b> Ry 1241, 288 90 VINSLÖV, <br><b>E-post:</b> elias@jomisystem.se <br><b>Typ:</b> Privat aktiebolag <br><b>Bildat:</b> 2025-12-04 <br><b>Verksamhet:</b> Förvaltning av värdepapper <br><b>Räkenskapsår:</b> 0701 - 0630 <br><b>Aktiekapital:</b> 25.000 SEK Lägst: 25.000 SEK Högst: 100.000 SEK Antal aktier: 500. Lägst: 500. Högst: 2.000. <br><b>Kallelse:</b> Kallelse sker genom e-post. <br><b>Föreskrift om antal styrelseledamöter/styrelsesuppleanter:</b> Lägst antal ordinarie ledamöter:   1, högst antal ordinarie ledamöter:  10. Lägst antal suppleanter:   1, högst antal suppleanter:  10. <br><b>Förbehåll/avvikelser/villkor:</b> Bestämmelse att företaget inte behöver ha revisor. <br><b>Styrelseledamöter:</b> 19910509-2630 Holmström, Michael Elias, RY 1241, 288 90 VINSLÖV, <br><b>Styrelsesuppleanter:</b> 19921117-2623 Fransson Holmström, Jonna Rebecca, RY 1241, 288 90 VINSLÖV, <br><b>Firmateckning:</b> Firman tecknas av styrelsen <br> Firman tecknas var för sig av <br>        ledamoten <br>        suppleanten</div></div></div></div></div><div data-v-d9a29b7e=\"\" class=\"row\"><div data-v-d9a29b7e=\"\" class=\"col\"><hr data-v-d9a29b7e=\"\"></div></div><div data-v-d9a29b7e=\"\" class=\"d-flex mb-2\"><div data-v-d9a29b7e=\"\"><button data-v-d9a29b7e=\"\" type=\"button\" class=\"btn btn-link\">« Tillbaka</button></div><div data-v-d9a29b7e=\"\"><button data-v-d9a29b7e=\"\" type=\"button\" class=\"btn blv-color btn-primary ms-2\">Skriv ut</button></div></div><div data-v-d9a29b7e=\"\" class=\"d-flex mt-2 mb-2\"><!----></div></form></div></div></div>",
  "timestamp": "2025-12-19T14:56:30.742Z",
  "title": "Kungörelse | Post- och Inrikes Tidningar (PoIT) - Bolagsverket",
  "_instanceId": "qo1a0w7u"
}