{
  "company_name": "Ceviton Group AB",
  "orgnr": "559563-6043",
  "folder_name": "K969784-25",
  "preview_url": "https://demo-kzminzdc21qfv0qpfnm8.vusercontent.net",
  "chat_id": "dJGCtTuj6If",
  "version_id": "b_CrTbHsf51FP",
  "cost": {
    "estimated": {
      "estimated_prompt_tokens": 879,
      "estimated_completion_tokens": 3500,
      "estimated_total_tokens": 4379,
      "estimated_cost_usd": 0.027568,
      "model": "v0-1.5-md",
      "timestamp": "2025-12-19T17:02:05.612836"
    },
    "actual": null,
    "generated_at": "2025-12-19T17:05:31.006017"
  },
  "generated_at": "2025-12-19T17:05:31.006025"
}