{
  "data": [
    {
      "kungorelseid": "K968896/25",
      "kungorelsetyp": "Aktiebolagsregistret",
      "namn": "Pripensu AB",
      "personOrgnummer": "",
      "publiceringsdatum": "2025-12-19",
      "uppgiftslamnare": "Bolagsverket"
    },
    {
      "kungorelseid": "K968957/25",
      "kungorelsetyp": "Aktiebolagsregistret",
      "namn": "LarsLG AB",
      "personOrgnummer": "",
      "publiceringsdatum": "2025-12-19",
      "uppgiftslamnare": "Bolagsverket"
    },
    {
      "kungorelseid": "K969284/25",
      "kungorelsetyp": "Aktiebolagsregistret",
      "namn": "MLitBoG AB",
      "personOrgnummer": "",
      "publiceringsdatum": "2025-12-19",
      "uppgiftslamnare": "Bolagsverket"
    },
    {
      "kungorelseid": "K969542/25",
      "kungorelsetyp": "Aktiebolagsregistret",
      "namn": "HFF i Ysta AB",
      "personOrgnummer": "",
      "publiceringsdatum": "2025-12-19",
      "uppgiftslamnare": "Bolagsverket"
    },
    {
      "kungorelseid": "K969693/25",
      "kungorelsetyp": "Aktiebolagsregistret",
      "namn": "Otzen Fritidsinvest AB",
      "personOrgnummer": "",
      "publiceringsdatum": "2025-12-19",
      "uppgiftslamnare": "Bolagsverket"
    },
    {
      "kungorelseid": "K969784/25",
      "kungorelsetyp": "Aktiebolagsregistret",
      "namn": "Ceviton Group AB",
      "personOrgnummer": "",
      "publiceringsdatum": "2025-12-19",
      "uppgiftslamnare": "Bolagsverket"
    },
    {
      "kungorelseid": "K969787/25",
      "kungorelsetyp": "Aktiebolagsregistret",
      "namn": "NORDEATOR AB",
      "personOrgnummer": "",
      "publiceringsdatum": "2025-12-19",
      "uppgiftslamnare": "Bolagsverket"
    },
    {
      "kungorelseid": "K969557/25",
      "kungorelsetyp": "Aktiebolagsregistret",
      "namn": "HN RESTAURANG JKPG AB",
      "personOrgnummer": "",
      "publiceringsdatum": "2025-12-19",
      "uppgiftslamnare": "Bolagsverket"
    },
    {
      "kungorelseid": "K969564/25",
      "kungorelsetyp": "Aktiebolagsregistret",
      "namn": "FRER AB",
      "personOrgnummer": "",
      "publiceringsdatum": "2025-12-19",
      "uppgiftslamnare": "Bolagsverket"
    },
    {
      "kungorelseid": "K969697/25",
      "kungorelsetyp": "Aktiebolagsregistret",
      "namn": "Roj's Grill & Tapas AB",
      "personOrgnummer": "",
      "publiceringsdatum": "2025-12-19",
      "uppgiftslamnare": "Bolagsverket"
    },
    {
      "kungorelseid": "K969789/25",
      "kungorelsetyp": "Aktiebolagsregistret",
      "namn": "DanDotter aktiebolag",
      "personOrgnummer": "",
      "publiceringsdatum": "2025-12-19",
      "uppgiftslamnare": "Bolagsverket"
    },
    {
      "kungorelseid": "K969791/25",
      "kungorelsetyp": "Aktiebolagsregistret",
      "namn": "Nybergs Skogsentreprenad AB",
      "personOrgnummer": "",
      "publiceringsdatum": "2025-12-19",
      "uppgiftslamnare": "Bolagsverket"
    },
    {
      "kungorelseid": "K969323/25",
      "kungorelsetyp": "Aktiebolagsregistret",
      "namn": "Elit Estetik Nordica AB",
      "personOrgnummer": "",
      "publiceringsdatum": "2025-12-19",
      "uppgiftslamnare": "Bolagsverket"
    },
    {
      "kungorelseid": "K969334/25",
      "kungorelsetyp": "Aktiebolagsregistret",
      "namn": "LMP Capital Group AB",
      "personOrgnummer": "",
      "publiceringsdatum": "2025-12-19",
      "uppgiftslamnare": "Bolagsverket"
    },
    {
      "kungorelseid": "K969583/25",
      "kungorelsetyp": "Aktiebolagsregistret",
      "namn": "KST Invest Sävsjö AB",
      "personOrgnummer": "",
      "publiceringsdatum": "2025-12-19",
      "uppgiftslamnare": "Bolagsverket"
    },
    {
      "kungorelseid": "K969700/25",
      "kungorelsetyp": "Aktiebolagsregistret",
      "namn": "Berndts Veritas AB",
      "personOrgnummer": "",
      "publiceringsdatum": "2025-12-19",
      "uppgiftslamnare": "Bolagsverket"
    },
    {
      "kungorelseid": "K969796/25",
      "kungorelsetyp": "Aktiebolagsregistret",
      "namn": "Eklund Coaching AB",
      "personOrgnummer": "",
      "publiceringsdatum": "2025-12-19",
      "uppgiftslamnare": "Bolagsverket"
    },
    {
      "kungorelseid": "K969036/25",
      "kungorelsetyp": "Aktiebolagsregistret",
      "namn": "Lakh Global Schakt & Transport AB",
      "personOrgnummer": "",
      "publiceringsdatum": "2025-12-19",
      "uppgiftslamnare": "Bolagsverket"
    },
    {
      "kungorelseid": "K969594/25",
      "kungorelsetyp": "Aktiebolagsregistret",
      "namn": "Lejd Capital AB",
      "personOrgnummer": "",
      "publiceringsdatum": "2025-12-19",
      "uppgiftslamnare": "Bolagsverket"
    },
    {
      "kungorelseid": "K969706/25",
      "kungorelsetyp": "Aktiebolagsregistret",
      "namn": "Udells Entertainment AB",
      "personOrgnummer": "",
      "publiceringsdatum": "2025-12-19",
      "uppgiftslamnare": "Bolagsverket"
    },
    {
      "kungorelseid": "K969708/25",
      "kungorelsetyp": "Aktiebolagsregistret",
      "namn": "Mastol Karlstad AB",
      "personOrgnummer": "",
      "publiceringsdatum": "2025-12-19",
      "uppgiftslamnare": "Bolagsverket"
    },
    {
      "kungorelseid": "K969799/25",
      "kungorelsetyp": "Aktiebolagsregistret",
      "namn": "JASLUND Consulting AB",
      "personOrgnummer": "",
      "publiceringsdatum": "2025-12-19",
      "uppgiftslamnare": "Bolagsverket"
    },
    {
      "kungorelseid": "K969801/25",
      "kungorelsetyp": "Aktiebolagsregistret",
      "namn": "N. Kuoljok AB",
      "personOrgnummer": "",
      "publiceringsdatum": "2025-12-19",
      "uppgiftslamnare": "Bolagsverket"
    },
    {
      "kungorelseid": "K969041/25",
      "kungorelsetyp": "Aktiebolagsregistret",
      "namn": "K Lindström AB",
      "personOrgnummer": "",
      "publiceringsdatum": "2025-12-19",
      "uppgiftslamnare": "Bolagsverket"
    },
    {
      "kungorelseid": "K969596/25",
      "kungorelsetyp": "Aktiebolagsregistret",
      "namn": "A.Westerlund AB",
      "personOrgnummer": "",
      "publiceringsdatum": "2025-12-19",
      "uppgiftslamnare": "Bolagsverket"
    },
    {
      "kungorelseid": "K969711/25",
      "kungorelsetyp": "Aktiebolagsregistret",
      "namn": "IO RÖR I NORR AB",
      "personOrgnummer": "",
      "publiceringsdatum": "2025-12-19",
      "uppgiftslamnare": "Bolagsverket"
    },
    {
      "kungorelseid": "K969713/25",
      "kungorelsetyp": "Aktiebolagsregistret",
      "namn": "Lejans Bostäder AB",
      "personOrgnummer": "",
      "publiceringsdatum": "2025-12-19",
      "uppgiftslamnare": "Bolagsverket"
    },
    {
      "kungorelseid": "K969803/25",
      "kungorelsetyp": "Aktiebolagsregistret",
      "namn": "Bygg & Plattsättning i Malmö AB",
      "personOrgnummer": "",
      "publiceringsdatum": "2025-12-19",
      "uppgiftslamnare": "Bolagsverket"
    },
    {
      "kungorelseid": "K969805/25",
      "kungorelsetyp": "Aktiebolagsregistret",
      "namn": "Oscar Otter AB",
      "personOrgnummer": "",
      "publiceringsdatum": "2025-12-19",
      "uppgiftslamnare": "Bolagsverket"
    },
    {
      "kungorelseid": "K969058/25",
      "kungorelsetyp": "Aktiebolagsregistret",
      "namn": "UpMe AB",
      "personOrgnummer": "",
      "publiceringsdatum": "2025-12-19",
      "uppgiftslamnare": "Bolagsverket"
    },
    {
      "kungorelseid": "K969609/25",
      "kungorelsetyp": "Aktiebolagsregistret",
      "namn": "Fabrik 11 AB",
      "personOrgnummer": "",
      "publiceringsdatum": "2025-12-19",
      "uppgiftslamnare": "Bolagsverket"
    },
    {
      "kungorelseid": "K969612/25",
      "kungorelsetyp": "Aktiebolagsregistret",
      "namn": "Klyftberget Ambulansgarage AB",
      "personOrgnummer": "",
      "publiceringsdatum": "2025-12-19",
      "uppgiftslamnare": "Bolagsverket"
    },
    {
      "kungorelseid": "K969715/25",
      "kungorelsetyp": "Aktiebolagsregistret",
      "namn": "Rimidical AB",
      "personOrgnummer": "",
      "publiceringsdatum": "2025-12-19",
      "uppgiftslamnare": "Bolagsverket"
    },
    {
      "kungorelseid": "K969717/25",
      "kungorelsetyp": "Aktiebolagsregistret",
      "namn": "Håll mitt AB",
      "personOrgnummer": "",
      "publiceringsdatum": "2025-12-19",
      "uppgiftslamnare": "Bolagsverket"
    },
    {
      "kungorelseid": "K969809/25",
      "kungorelsetyp": "Aktiebolagsregistret",
      "namn": "M44 Investment AB",
      "personOrgnummer": "",
      "publiceringsdatum": "2025-12-19",
      "uppgiftslamnare": "Bolagsverket"
    },
    {
      "kungorelseid": "K969811/25",
      "kungorelsetyp": "Aktiebolagsregistret",
      "namn": "CMC by Sophie AB",
      "personOrgnummer": "",
      "publiceringsdatum": "2025-12-19",
      "uppgiftslamnare": "Bolagsverket"
    },
    {
      "kungorelseid": "K969430/25",
      "kungorelsetyp": "Aktiebolagsregistret",
      "namn": "JL Konsult & Bygg AB",
      "personOrgnummer": "",
      "publiceringsdatum": "2025-12-19",
      "uppgiftslamnare": "Bolagsverket"
    },
    {
      "kungorelseid": "K969614/25",
      "kungorelsetyp": "Aktiebolagsregistret",
      "namn": "MAINTFOX AB",
      "personOrgnummer": "",
      "publiceringsdatum": "2025-12-19",
      "uppgiftslamnare": "Bolagsverket"
    },
    {
      "kungorelseid": "K969815/25",
      "kungorelsetyp": "Aktiebolagsregistret",
      "namn": "Monster Puppet Corporation AB",
      "personOrgnummer": "",
      "publiceringsdatum": "2025-12-19",
      "uppgiftslamnare": "Bolagsverket"
    },
    {
      "kungorelseid": "K969113/25",
      "kungorelsetyp": "Aktiebolagsregistret",
      "namn": "Seidora Group AB",
      "personOrgnummer": "",
      "publiceringsdatum": "2025-12-19",
      "uppgiftslamnare": "Bolagsverket"
    },
    {
      "kungorelseid": "K969629/25",
      "kungorelsetyp": "Aktiebolagsregistret",
      "namn": "Lindtech AB",
      "personOrgnummer": "",
      "publiceringsdatum": "2025-12-19",
      "uppgiftslamnare": "Bolagsverket"
    },
    {
      "kungorelseid": "K969730/25",
      "kungorelsetyp": "Aktiebolagsregistret",
      "namn": "MicAgl AB",
      "personOrgnummer": "",
      "publiceringsdatum": "2025-12-19",
      "uppgiftslamnare": "Bolagsverket"
    },
    {
      "kungorelseid": "K969632/25",
      "kungorelsetyp": "Aktiebolagsregistret",
      "namn": "By Charlotte AB",
      "personOrgnummer": "",
      "publiceringsdatum": "2025-12-19",
      "uppgiftslamnare": "Bolagsverket"
    },
    {
      "kungorelseid": "K969635/25",
      "kungorelsetyp": "Aktiebolagsregistret",
      "namn": "100flow AB",
      "personOrgnummer": "",
      "publiceringsdatum": "2025-12-19",
      "uppgiftslamnare": "Bolagsverket"
    },
    {
      "kungorelseid": "K969734/25",
      "kungorelsetyp": "Aktiebolagsregistret",
      "namn": "Tyringe Kakel Klinker AB",
      "personOrgnummer": "",
      "publiceringsdatum": "2025-12-19",
      "uppgiftslamnare": "Bolagsverket"
    },
    {
      "kungorelseid": "K969736/25",
      "kungorelsetyp": "Aktiebolagsregistret",
      "namn": "Arboristeriet AB",
      "personOrgnummer": "",
      "publiceringsdatum": "2025-12-19",
      "uppgiftslamnare": "Bolagsverket"
    },
    {
      "kungorelseid": "K971428/25",
      "kungorelsetyp": "Aktiebolagsregistret",
      "namn": "AdactStart 257 AB",
      "personOrgnummer": "",
      "publiceringsdatum": "2025-12-19",
      "uppgiftslamnare": "Bolagsverket"
    },
    {
      "kungorelseid": "K969496/25",
      "kungorelsetyp": "Aktiebolagsregistret",
      "namn": "Laky AB",
      "personOrgnummer": "",
      "publiceringsdatum": "2025-12-19",
      "uppgiftslamnare": "Bolagsverket"
    },
    {
      "kungorelseid": "K969739/25",
      "kungorelsetyp": "Aktiebolagsregistret",
      "namn": "P. Forsgren Utveckling AB",
      "personOrgnummer": "",
      "publiceringsdatum": "2025-12-19",
      "uppgiftslamnare": "Bolagsverket"
    },
    {
      "kungorelseid": "K969741/25",
      "kungorelsetyp": "Aktiebolagsregistret",
      "namn": "Lowkey loco AB",
      "personOrgnummer": "",
      "publiceringsdatum": "2025-12-19",
      "uppgiftslamnare": "Bolagsverket"
    },
    {
      "kungorelseid": "K969877/25",
      "kungorelsetyp": "Aktiebolagsregistret",
      "namn": "Heidi Christiansson AB",
      "personOrgnummer": "",
      "publiceringsdatum": "2025-12-19",
      "uppgiftslamnare": "Bolagsverket"
    },
    {
      "kungorelseid": "K968851/25",
      "kungorelsetyp": "Aktiebolagsregistret",
      "namn": "NSWE AB",
      "personOrgnummer": "",
      "publiceringsdatum": "2025-12-19",
      "uppgiftslamnare": "Bolagsverket"
    },
    {
      "kungorelseid": "K969500/25",
      "kungorelsetyp": "Aktiebolagsregistret",
      "namn": "William Widlund AB",
      "personOrgnummer": "",
      "publiceringsdatum": "2025-12-19",
      "uppgiftslamnare": "Bolagsverket"
    },
    {
      "kungorelseid": "K969646/25",
      "kungorelsetyp": "Aktiebolagsregistret",
      "namn": "Arbetaregatan 13 AB",
      "personOrgnummer": "",
      "publiceringsdatum": "2025-12-19",
      "uppgiftslamnare": "Bolagsverket"
    },
    {
      "kungorelseid": "K969743/25",
      "kungorelsetyp": "Aktiebolagsregistret",
      "namn": "Aross AB",
      "personOrgnummer": "",
      "publiceringsdatum": "2025-12-19",
      "uppgiftslamnare": "Bolagsverket"
    },
    {
      "kungorelseid": "K969748/25",
      "kungorelsetyp": "Aktiebolagsregistret",
      "namn": "Skåras Glutenfria Hantverksbageri AB",
      "personOrgnummer": "",
      "publiceringsdatum": "2025-12-19",
      "uppgiftslamnare": "Bolagsverket"
    },
    {
      "kungorelseid": "K968866/25",
      "kungorelsetyp": "Aktiebolagsregistret",
      "namn": "Douglas Neuendorf AB",
      "personOrgnummer": "",
      "publiceringsdatum": "2025-12-19",
      "uppgiftslamnare": "Bolagsverket"
    },
    {
      "kungorelseid": "K969190/25",
      "kungorelsetyp": "Aktiebolagsregistret",
      "namn": "WEFIND Consulting AB",
      "personOrgnummer": "",
      "publiceringsdatum": "2025-12-19",
      "uppgiftslamnare": "Bolagsverket"
    },
    {
      "kungorelseid": "K969662/25",
      "kungorelsetyp": "Aktiebolagsregistret",
      "namn": "Nordive Creative AB",
      "personOrgnummer": "",
      "publiceringsdatum": "2025-12-19",
      "uppgiftslamnare": "Bolagsverket"
    },
    {
      "kungorelseid": "K969664/25",
      "kungorelsetyp": "Aktiebolagsregistret",
      "namn": "Moderax Förvaltning AB",
      "personOrgnummer": "",
      "publiceringsdatum": "2025-12-19",
      "uppgiftslamnare": "Bolagsverket"
    },
    {
      "kungorelseid": "K969751/25",
      "kungorelsetyp": "Aktiebolagsregistret",
      "namn": "Rao Restaurang AB",
      "personOrgnummer": "",
      "publiceringsdatum": "2025-12-19",
      "uppgiftslamnare": "Bolagsverket"
    },
    {
      "kungorelseid": "K969753/25",
      "kungorelsetyp": "Aktiebolagsregistret",
      "namn": "Hallner HR AB",
      "personOrgnummer": "",
      "publiceringsdatum": "2025-12-19",
      "uppgiftslamnare": "Bolagsverket"
    },
    {
      "kungorelseid": "K968877/25",
      "kungorelsetyp": "Aktiebolagsregistret",
      "namn": "Magna Contracting Sweden AB",
      "personOrgnummer": "",
      "publiceringsdatum": "2025-12-19",
      "uppgiftslamnare": "Bolagsverket"
    },
    {
      "kungorelseid": "K969513/25",
      "kungorelsetyp": "Aktiebolagsregistret",
      "namn": "JRO PM Consult AB",
      "personOrgnummer": "",
      "publiceringsdatum": "2025-12-19",
      "uppgiftslamnare": "Bolagsverket"
    },
    {
      "kungorelseid": "K969515/25",
      "kungorelsetyp": "Aktiebolagsregistret",
      "namn": "OD Group AB",
      "personOrgnummer": "",
      "publiceringsdatum": "2025-12-19",
      "uppgiftslamnare": "Bolagsverket"
    },
    {
      "kungorelseid": "K969666/25",
      "kungorelsetyp": "Aktiebolagsregistret",
      "namn": "EH Förvaltning i Vinslöv AB",
      "personOrgnummer": "",
      "publiceringsdatum": "2025-12-19",
      "uppgiftslamnare": "Bolagsverket"
    },
    {
      "kungorelseid": "K969672/25",
      "kungorelsetyp": "Aktiebolagsregistret",
      "namn": "Pontus Pizza AB",
      "personOrgnummer": "",
      "publiceringsdatum": "2025-12-19",
      "uppgiftslamnare": "Bolagsverket"
    },
    {
      "kungorelseid": "K969755/25",
      "kungorelsetyp": "Aktiebolagsregistret",
      "namn": "Peter Wallgren Sollefteå AB",
      "personOrgnummer": "",
      "publiceringsdatum": "2025-12-19",
      "uppgiftslamnare": "Bolagsverket"
    },
    {
      "kungorelseid": "K969760/25",
      "kungorelsetyp": "Aktiebolagsregistret",
      "namn": "Roos Invest AB",
      "personOrgnummer": "",
      "publiceringsdatum": "2025-12-19",
      "uppgiftslamnare": "Bolagsverket"
    },
    {
      "kungorelseid": "K969525/25",
      "kungorelsetyp": "Aktiebolagsregistret",
      "namn": "MTS Måleriteknik Specialister AB",
      "personOrgnummer": "",
      "publiceringsdatum": "2025-12-19",
      "uppgiftslamnare": "Bolagsverket"
    },
    {
      "kungorelseid": "K969530/25",
      "kungorelsetyp": "Aktiebolagsregistret",
      "namn": "AKK Solutions AB",
      "personOrgnummer": "",
      "publiceringsdatum": "2025-12-19",
      "uppgiftslamnare": "Bolagsverket"
    },
    {
      "kungorelseid": "K969676/25",
      "kungorelsetyp": "Aktiebolagsregistret",
      "namn": "Paborito AB",
      "personOrgnummer": "",
      "publiceringsdatum": "2025-12-19",
      "uppgiftslamnare": "Bolagsverket"
    },
    {
      "kungorelseid": "K969764/25",
      "kungorelsetyp": "Aktiebolagsregistret",
      "namn": "Tambourine Man AB",
      "personOrgnummer": "",
      "publiceringsdatum": "2025-12-19",
      "uppgiftslamnare": "Bolagsverket"
    },
    {
      "kungorelseid": "K969533/25",
      "kungorelsetyp": "Aktiebolagsregistret",
      "namn": "Västra Flinka Consulting AB",
      "personOrgnummer": "",
      "publiceringsdatum": "2025-12-19",
      "uppgiftslamnare": "Bolagsverket"
    },
    {
      "kungorelseid": "K969535/25",
      "kungorelsetyp": "Aktiebolagsregistret",
      "namn": "J Liljeström Consulting AB",
      "personOrgnummer": "",
      "publiceringsdatum": "2025-12-19",
      "uppgiftslamnare": "Bolagsverket"
    },
    {
      "kungorelseid": "K969679/25",
      "kungorelsetyp": "Aktiebolagsregistret",
      "namn": "Kielim Konsult AB",
      "personOrgnummer": "",
      "publiceringsdatum": "2025-12-19",
      "uppgiftslamnare": "Bolagsverket"
    },
    {
      "kungorelseid": "K969683/25",
      "kungorelsetyp": "Aktiebolagsregistret",
      "namn": "Jonas Håkanson AB",
      "personOrgnummer": "",
      "publiceringsdatum": "2025-12-19",
      "uppgiftslamnare": "Bolagsverket"
    },
    {
      "kungorelseid": "K969768/25",
      "kungorelsetyp": "Aktiebolagsregistret",
      "namn": "Nordic Stålhandel AB",
      "personOrgnummer": "",
      "publiceringsdatum": "2025-12-19",
      "uppgiftslamnare": "Bolagsverket"
    },
    {
      "kungorelseid": "K969772/25",
      "kungorelsetyp": "Aktiebolagsregistret",
      "namn": "OAJ Management AB",
      "personOrgnummer": "",
      "publiceringsdatum": "2025-12-19",
      "uppgiftslamnare": "Bolagsverket"
    },
    {
      "kungorelseid": "K970953/25",
      "kungorelsetyp": "Aktiebolagsregistret",
      "namn": "K.E.F Redovisning & Förvaltning AB",
      "personOrgnummer": "",
      "publiceringsdatum": "2025-12-19",
      "uppgiftslamnare": "Bolagsverket"
    },
    {
      "kungorelseid": "K969538/25",
      "kungorelsetyp": "Aktiebolagsregistret",
      "namn": "SVEA Riv & Bygg AB",
      "personOrgnummer": "",
      "publiceringsdatum": "2025-12-19",
      "uppgiftslamnare": "Bolagsverket"
    },
    {
      "kungorelseid": "K969540/25",
      "kungorelsetyp": "Aktiebolagsregistret",
      "namn": "PeNo Consulting AB",
      "personOrgnummer": "",
      "publiceringsdatum": "2025-12-19",
      "uppgiftslamnare": "Bolagsverket"
    },
    {
      "kungorelseid": "K969687/25",
      "kungorelsetyp": "Aktiebolagsregistret",
      "namn": "Karlehag Projektpartner AB",
      "personOrgnummer": "",
      "publiceringsdatum": "2025-12-19",
      "uppgiftslamnare": "Bolagsverket"
    },
    {
      "kungorelseid": "K969775/25",
      "kungorelsetyp": "Aktiebolagsregistret",
      "namn": "Lilian Taxi AB",
      "personOrgnummer": "",
      "publiceringsdatum": "2025-12-19",
      "uppgiftslamnare": "Bolagsverket"
    },
    {
      "kungorelseid": "K969778/25",
      "kungorelsetyp": "Aktiebolagsregistret",
      "namn": "JWS Capital AB",
      "personOrgnummer": "",
      "publiceringsdatum": "2025-12-19",
      "uppgiftslamnare": "Bolagsverket"
    },
    {
      "kungorelseid": "K971953/25",
      "kungorelsetyp": "Aktiebolagsregistret",
      "namn": "Aktiebolaget Grundstenen 177981",
      "personOrgnummer": "",
      "publiceringsdatum": "2025-12-19",
      "uppgiftslamnare": "Bolagsverket"
    },
    {
      "kungorelseid": "K971743/25",
      "kungorelsetyp": "Aktiebolagsregistret",
      "namn": "Bilda Lätt 2471 AB",
      "personOrgnummer": "",
      "publiceringsdatum": "2025-12-19",
      "uppgiftslamnare": "Bolagsverket"
    },
    {
      "kungorelseid": "K969631/25",
      "kungorelsetyp": "Aktiebolagsregistret",
      "namn": "Kerstin Johanna Matilda AB",
      "personOrgnummer": "",
      "publiceringsdatum": "2025-12-19",
      "uppgiftslamnare": "Bolagsverket"
    },
    {
      "kungorelseid": "K969639/25",
      "kungorelsetyp": "Aktiebolagsregistret",
      "namn": "Humea Assistans AB",
      "personOrgnummer": "",
      "publiceringsdatum": "2025-12-19",
      "uppgiftslamnare": "Bolagsverket"
    },
    {
      "kungorelseid": "K969750/25",
      "kungorelsetyp": "Aktiebolagsregistret",
      "namn": "ALFA Skogsservice Hammarstrand AB",
      "personOrgnummer": "",
      "publiceringsdatum": "2025-12-19",
      "uppgiftslamnare": "Bolagsverket"
    },
    {
      "kungorelseid": "K969752/25",
      "kungorelsetyp": "Aktiebolagsregistret",
      "namn": "Norrbygruppen AB",
      "personOrgnummer": "",
      "publiceringsdatum": "2025-12-19",
      "uppgiftslamnare": "Bolagsverket"
    },
    {
      "kungorelseid": "K969149/25",
      "kungorelsetyp": "Aktiebolagsregistret",
      "namn": "Citric Labs AB",
      "personOrgnummer": "",
      "publiceringsdatum": "2025-12-19",
      "uppgiftslamnare": "Bolagsverket"
    },
    {
      "kungorelseid": "K969645/25",
      "kungorelsetyp": "Aktiebolagsregistret",
      "namn": "Söderköpings Maskinuthyrning AB",
      "personOrgnummer": "",
      "publiceringsdatum": "2025-12-19",
      "uppgiftslamnare": "Bolagsverket"
    },
    {
      "kungorelseid": "K969754/25",
      "kungorelsetyp": "Aktiebolagsregistret",
      "namn": "Leftovers AB",
      "personOrgnummer": "",
      "publiceringsdatum": "2025-12-19",
      "uppgiftslamnare": "Bolagsverket"
    },
    {
      "kungorelseid": "K969756/25",
      "kungorelsetyp": "Aktiebolagsregistret",
      "namn": "Din Apa AB",
      "personOrgnummer": "",
      "publiceringsdatum": "2025-12-19",
      "uppgiftslamnare": "Bolagsverket"
    },
    {
      "kungorelseid": "K969497/25",
      "kungorelsetyp": "Aktiebolagsregistret",
      "namn": "Motorpro Performance i Syd AB",
      "personOrgnummer": "",
      "publiceringsdatum": "2025-12-19",
      "uppgiftslamnare": "Bolagsverket"
    },
    {
      "kungorelseid": "K969654/25",
      "kungorelsetyp": "Aktiebolagsregistret",
      "namn": "And Exp AB",
      "personOrgnummer": "",
      "publiceringsdatum": "2025-12-19",
      "uppgiftslamnare": "Bolagsverket"
    },
    {
      "kungorelseid": "K969761/25",
      "kungorelsetyp": "Aktiebolagsregistret",
      "namn": "Sabageti Invest AB",
      "personOrgnummer": "",
      "publiceringsdatum": "2025-12-19",
      "uppgiftslamnare": "Bolagsverket"
    },
    {
      "kungorelseid": "K969765/25",
      "kungorelsetyp": "Aktiebolagsregistret",
      "namn": "Prinskronan Invest AB",
      "personOrgnummer": "",
      "publiceringsdatum": "2025-12-19",
      "uppgiftslamnare": "Bolagsverket"
    },
    {
      "kungorelseid": "K969192/25",
      "kungorelsetyp": "Aktiebolagsregistret",
      "namn": "POLARAIL AB",
      "personOrgnummer": "",
      "publiceringsdatum": "2025-12-19",
      "uppgiftslamnare": "Bolagsverket"
    },
    {
      "kungorelseid": "K969517/25",
      "kungorelsetyp": "Aktiebolagsregistret",
      "namn": "By Rehn AB",
      "personOrgnummer": "",
      "publiceringsdatum": "2025-12-19",
      "uppgiftslamnare": "Bolagsverket"
    },
    {
      "kungorelseid": "K969660/25",
      "kungorelsetyp": "Aktiebolagsregistret",
      "namn": "TG Invest Group AB",
      "personOrgnummer": "",
      "publiceringsdatum": "2025-12-19",
      "uppgiftslamnare": "Bolagsverket"
    },
    {
      "kungorelseid": "K969773/25",
      "kungorelsetyp": "Aktiebolagsregistret",
      "namn": "TF-Fastigheter AB",
      "personOrgnummer": "",
      "publiceringsdatum": "2025-12-19",
      "uppgiftslamnare": "Bolagsverket"
    },
    {
      "kungorelseid": "K969776/25",
      "kungorelsetyp": "Aktiebolagsregistret",
      "namn": "Källverket AB",
      "personOrgnummer": "",
      "publiceringsdatum": "2025-12-19",
      "uppgiftslamnare": "Bolagsverket"
    },
    {
      "kungorelseid": "K969524/25",
      "kungorelsetyp": "Aktiebolagsregistret",
      "namn": "HusbilsCompaniet i Skåne AB",
      "personOrgnummer": "",
      "publiceringsdatum": "2025-12-19",
      "uppgiftslamnare": "Bolagsverket"
    },
    {
      "kungorelseid": "K969527/25",
      "kungorelsetyp": "Aktiebolagsregistret",
      "namn": "Zample AB",
      "personOrgnummer": "",
      "publiceringsdatum": "2025-12-19",
      "uppgiftslamnare": "Bolagsverket"
    },
    {
      "kungorelseid": "K969665/25",
      "kungorelsetyp": "Aktiebolagsregistret",
      "namn": "SAO Capital AB",
      "personOrgnummer": "",
      "publiceringsdatum": "2025-12-19",
      "uppgiftslamnare": "Bolagsverket"
    },
    {
      "kungorelseid": "K969667/25",
      "kungorelsetyp": "Aktiebolagsregistret",
      "namn": "Gråsäl AB",
      "personOrgnummer": "",
      "publiceringsdatum": "2025-12-19",
      "uppgiftslamnare": "Bolagsverket"
    },
    {
      "kungorelseid": "K969780/25",
      "kungorelsetyp": "Aktiebolagsregistret",
      "namn": "Vantaris Partners AB",
      "personOrgnummer": "",
      "publiceringsdatum": "2025-12-19",
      "uppgiftslamnare": "Bolagsverket"
    },
    {
      "kungorelseid": "K968858/25",
      "kungorelsetyp": "Aktiebolagsregistret",
      "namn": "Ascendria Solutions AB",
      "personOrgnummer": "",
      "publiceringsdatum": "2025-12-19",
      "uppgiftslamnare": "Bolagsverket"
    },
    {
      "kungorelseid": "K969529/25",
      "kungorelsetyp": "Aktiebolagsregistret",
      "namn": "Studio Philipson Ehrnebo AB",
      "personOrgnummer": "",
      "publiceringsdatum": "2025-12-19",
      "uppgiftslamnare": "Bolagsverket"
    },
    {
      "kungorelseid": "K969531/25",
      "kungorelsetyp": "Aktiebolagsregistret",
      "namn": "Camo Produktion AB",
      "personOrgnummer": "",
      "publiceringsdatum": "2025-12-19",
      "uppgiftslamnare": "Bolagsverket"
    },
    {
      "kungorelseid": "K969671/25",
      "kungorelsetyp": "Aktiebolagsregistret",
      "namn": "JFH Förvaltning i Vinslöv AB",
      "personOrgnummer": "",
      "publiceringsdatum": "2025-12-19",
      "uppgiftslamnare": "Bolagsverket"
    },
    {
      "kungorelseid": "K969674/25",
      "kungorelsetyp": "Aktiebolagsregistret",
      "namn": "Pandamonium AB",
      "personOrgnummer": "",
      "publiceringsdatum": "2025-12-19",
      "uppgiftslamnare": "Bolagsverket"
    },
    {
      "kungorelseid": "K969790/25",
      "kungorelsetyp": "Aktiebolagsregistret",
      "namn": "VCE Group AB",
      "personOrgnummer": "",
      "publiceringsdatum": "2025-12-19",
      "uppgiftslamnare": "Bolagsverket"
    },
    {
      "kungorelseid": "K969792/25",
      "kungorelsetyp": "Aktiebolagsregistret",
      "namn": "Knutssons Lantbruk AB",
      "personOrgnummer": "",
      "publiceringsdatum": "2025-12-19",
      "uppgiftslamnare": "Bolagsverket"
    },
    {
      "kungorelseid": "K970115/25",
      "kungorelsetyp": "Aktiebolagsregistret",
      "namn": "NorrGuldet 101 AB",
      "personOrgnummer": "",
      "publiceringsdatum": "2025-12-19",
      "uppgiftslamnare": "Bolagsverket"
    },
    {
      "kungorelseid": "K969250/25",
      "kungorelsetyp": "Aktiebolagsregistret",
      "namn": "Tysk Infravision AB",
      "personOrgnummer": "",
      "publiceringsdatum": "2025-12-19",
      "uppgiftslamnare": "Bolagsverket"
    },
    {
      "kungorelseid": "K969678/25",
      "kungorelsetyp": "Aktiebolagsregistret",
      "namn": "Mellby Metallbearbetning AB",
      "personOrgnummer": "",
      "publiceringsdatum": "2025-12-19",
      "uppgiftslamnare": "Bolagsverket"
    },
    {
      "kungorelseid": "K969682/25",
      "kungorelsetyp": "Aktiebolagsregistret",
      "namn": "Simon P Consulting AB",
      "personOrgnummer": "",
      "publiceringsdatum": "2025-12-19",
      "uppgiftslamnare": "Bolagsverket"
    },
    {
      "kungorelseid": "K969798/25",
      "kungorelsetyp": "Aktiebolagsregistret",
      "namn": "Velarion PN2 AB",
      "personOrgnummer": "",
      "publiceringsdatum": "2025-12-19",
      "uppgiftslamnare": "Bolagsverket"
    },
    {
      "kungorelseid": "K970137/25",
      "kungorelsetyp": "Aktiebolagsregistret",
      "namn": "Hank Grüner AB",
      "personOrgnummer": "",
      "publiceringsdatum": "2025-12-19",
      "uppgiftslamnare": "Bolagsverket"
    },
    {
      "kungorelseid": "K968977/25",
      "kungorelsetyp": "Aktiebolagsregistret",
      "namn": "PersonaBond AB",
      "personOrgnummer": "",
      "publiceringsdatum": "2025-12-19",
      "uppgiftslamnare": "Bolagsverket"
    },
    {
      "kungorelseid": "K969543/25",
      "kungorelsetyp": "Aktiebolagsregistret",
      "namn": "Konsultpiraten AB",
      "personOrgnummer": "",
      "publiceringsdatum": "2025-12-19",
      "uppgiftslamnare": "Bolagsverket"
    },
    {
      "kungorelseid": "K969545/25",
      "kungorelsetyp": "Aktiebolagsregistret",
      "namn": "God Korv Sthlm AB",
      "personOrgnummer": "",
      "publiceringsdatum": "2025-12-19",
      "uppgiftslamnare": "Bolagsverket"
    },
    {
      "kungorelseid": "K969690/25",
      "kungorelsetyp": "Aktiebolagsregistret",
      "namn": "Infinity Ventures AB",
      "personOrgnummer": "",
      "publiceringsdatum": "2025-12-19",
      "uppgiftslamnare": "Bolagsverket"
    },
    {
      "kungorelseid": "K969694/25",
      "kungorelsetyp": "Aktiebolagsregistret",
      "namn": "Astrid Elander Fröberg AB",
      "personOrgnummer": "",
      "publiceringsdatum": "2025-12-19",
      "uppgiftslamnare": "Bolagsverket"
    },
    {
      "kungorelseid": "K969547/25",
      "kungorelsetyp": "Aktiebolagsregistret",
      "namn": "Yaqoob Fastigheter AB",
      "personOrgnummer": "",
      "publiceringsdatum": "2025-12-19",
      "uppgiftslamnare": "Bolagsverket"
    },
    {
      "kungorelseid": "K969556/25",
      "kungorelsetyp": "Aktiebolagsregistret",
      "namn": "EIPEKS AB",
      "personOrgnummer": "",
      "publiceringsdatum": "2025-12-19",
      "uppgiftslamnare": "Bolagsverket"
    },
    {
      "kungorelseid": "K969698/25",
      "kungorelsetyp": "Aktiebolagsregistret",
      "namn": "Fredrik Jeanson Sollefteå AB",
      "personOrgnummer": "",
      "publiceringsdatum": "2025-12-19",
      "uppgiftslamnare": "Bolagsverket"
    },
    {
      "kungorelseid": "K969816/25",
      "kungorelsetyp": "Aktiebolagsregistret",
      "namn": "Norié AB",
      "personOrgnummer": "",
      "publiceringsdatum": "2025-12-19",
      "uppgiftslamnare": "Bolagsverket"
    },
    {
      "kungorelseid": "K969001/25",
      "kungorelsetyp": "Aktiebolagsregistret",
      "namn": "Plate & Plate AB",
      "personOrgnummer": "",
      "publiceringsdatum": "2025-12-19",
      "uppgiftslamnare": "Bolagsverket"
    },
    {
      "kungorelseid": "K969558/25",
      "kungorelsetyp": "Aktiebolagsregistret",
      "namn": "Österlen AutoPerformance AB",
      "personOrgnummer": "",
      "publiceringsdatum": "2025-12-19",
      "uppgiftslamnare": "Bolagsverket"
    },
    {
      "kungorelseid": "K969703/25",
      "kungorelsetyp": "Aktiebolagsregistret",
      "namn": "Inlag In Vest AB",
      "personOrgnummer": "",
      "publiceringsdatum": "2025-12-19",
      "uppgiftslamnare": "Bolagsverket"
    },
    {
      "kungorelseid": "K969705/25",
      "kungorelsetyp": "Aktiebolagsregistret",
      "namn": "Lupinus Medic AB",
      "personOrgnummer": "",
      "publiceringsdatum": "2025-12-19",
      "uppgiftslamnare": "Bolagsverket"
    },
    {
      "kungorelseid": "K969820/25",
      "kungorelsetyp": "Aktiebolagsregistret",
      "namn": "Jesper Häll AB",
      "personOrgnummer": "",
      "publiceringsdatum": "2025-12-19",
      "uppgiftslamnare": "Bolagsverket"
    },
    {
      "kungorelseid": "K969822/25",
      "kungorelsetyp": "Aktiebolagsregistret",
      "namn": "Sushi Samer AB",
      "personOrgnummer": "",
      "publiceringsdatum": "2025-12-19",
      "uppgiftslamnare": "Bolagsverket"
    },
    {
      "kungorelseid": "K969591/25",
      "kungorelsetyp": "Aktiebolagsregistret",
      "namn": "Schenströms Entreprenadmaskiner Aktiebolag",
      "personOrgnummer": "",
      "publiceringsdatum": "2025-12-19",
      "uppgiftslamnare": "Bolagsverket"
    },
    {
      "kungorelseid": "K969710/25",
      "kungorelsetyp": "Aktiebolagsregistret",
      "namn": "Anneli Molander AB",
      "personOrgnummer": "",
      "publiceringsdatum": "2025-12-19",
      "uppgiftslamnare": "Bolagsverket"
    },
    {
      "kungorelseid": "K969712/25",
      "kungorelsetyp": "Aktiebolagsregistret",
      "namn": "EquiRhythm AB",
      "personOrgnummer": "",
      "publiceringsdatum": "2025-12-19",
      "uppgiftslamnare": "Bolagsverket"
    },
    {
      "kungorelseid": "K969826/25",
      "kungorelsetyp": "Aktiebolagsregistret",
      "namn": "Hägg & VVS Aktiebolag",
      "personOrgnummer": "",
      "publiceringsdatum": "2025-12-19",
      "uppgiftslamnare": "Bolagsverket"
    },
    {
      "kungorelseid": "K969049/25",
      "kungorelsetyp": "Aktiebolagsregistret",
      "namn": "Skane Ortega Services AB",
      "personOrgnummer": "",
      "publiceringsdatum": "2025-12-19",
      "uppgiftslamnare": "Bolagsverket"
    },
    {
      "kungorelseid": "K969714/25",
      "kungorelsetyp": "Aktiebolagsregistret",
      "namn": "AZ Bygg & Fastighetsservice AB",
      "personOrgnummer": "",
      "publiceringsdatum": "2025-12-19",
      "uppgiftslamnare": "Bolagsverket"
    },
    {
      "kungorelseid": "K969716/25",
      "kungorelsetyp": "Aktiebolagsregistret",
      "namn": "Utemiljö & Fastighetsservice Danny Kangas AB",
      "personOrgnummer": "",
      "publiceringsdatum": "2025-12-19",
      "uppgiftslamnare": "Bolagsverket"
    },
    {
      "kungorelseid": "K969059/25",
      "kungorelsetyp": "Aktiebolagsregistret",
      "namn": "ADS POWER AB",
      "personOrgnummer": "",
      "publiceringsdatum": "2025-12-19",
      "uppgiftslamnare": "Bolagsverket"
    },
    {
      "kungorelseid": "K969377/25",
      "kungorelsetyp": "Aktiebolagsregistret",
      "namn": "Byggutveckling Exploatering i Väst AB",
      "personOrgnummer": "",
      "publiceringsdatum": "2025-12-19",
      "uppgiftslamnare": "Bolagsverket"
    },
    {
      "kungorelseid": "K969603/25",
      "kungorelsetyp": "Aktiebolagsregistret",
      "namn": "Ingenjör Bengt Johansson AB",
      "personOrgnummer": "",
      "publiceringsdatum": "2025-12-19",
      "uppgiftslamnare": "Bolagsverket"
    },
    {
      "kungorelseid": "K969605/25",
      "kungorelsetyp": "Aktiebolagsregistret",
      "namn": "Viafjora AB",
      "personOrgnummer": "",
      "publiceringsdatum": "2025-12-19",
      "uppgiftslamnare": "Bolagsverket"
    },
    {
      "kungorelseid": "K969722/25",
      "kungorelsetyp": "Aktiebolagsregistret",
      "namn": "SH Studio AB",
      "personOrgnummer": "",
      "publiceringsdatum": "2025-12-19",
      "uppgiftslamnare": "Bolagsverket"
    },
    {
      "kungorelseid": "K969725/25",
      "kungorelsetyp": "Aktiebolagsregistret",
      "namn": "VasaVeterinären AB",
      "personOrgnummer": "",
      "publiceringsdatum": "2025-12-19",
      "uppgiftslamnare": "Bolagsverket"
    },
    {
      "kungorelseid": "K969731/25",
      "kungorelsetyp": "Aktiebolagsregistret",
      "namn": "CS Sport & Development AB",
      "personOrgnummer": "",
      "publiceringsdatum": "2025-12-19",
      "uppgiftslamnare": "Bolagsverket"
    },
    {
      "kungorelseid": "K969094/25",
      "kungorelsetyp": "Aktiebolagsregistret",
      "namn": "XLR Group AB",
      "personOrgnummer": "",
      "publiceringsdatum": "2025-12-19",
      "uppgiftslamnare": "Bolagsverket"
    },
    {
      "kungorelseid": "K969424/25",
      "kungorelsetyp": "Aktiebolagsregistret",
      "namn": "GlansTek Skåne Studio AB",
      "personOrgnummer": "",
      "publiceringsdatum": "2025-12-19",
      "uppgiftslamnare": "Bolagsverket"
    },
    {
      "kungorelseid": "K969431/25",
      "kungorelsetyp": "Aktiebolagsregistret",
      "namn": "Hagman Infra AB",
      "personOrgnummer": "",
      "publiceringsdatum": "2025-12-19",
      "uppgiftslamnare": "Bolagsverket"
    },
    {
      "kungorelseid": "K969613/25",
      "kungorelsetyp": "Aktiebolagsregistret",
      "namn": "AH Magnét Invest AB",
      "personOrgnummer": "",
      "publiceringsdatum": "2025-12-19",
      "uppgiftslamnare": "Bolagsverket"
    },
    {
      "kungorelseid": "K969733/25",
      "kungorelsetyp": "Aktiebolagsregistret",
      "namn": "Qaprex AB",
      "personOrgnummer": "",
      "publiceringsdatum": "2025-12-19",
      "uppgiftslamnare": "Bolagsverket"
    },
    {
      "kungorelseid": "K969735/25",
      "kungorelsetyp": "Aktiebolagsregistret",
      "namn": "Fragmenia AB",
      "personOrgnummer": "",
      "publiceringsdatum": "2025-12-19",
      "uppgiftslamnare": "Bolagsverket"
    },
    {
      "kungorelseid": "K969104/25",
      "kungorelsetyp": "Aktiebolagsregistret",
      "namn": "GRAKAS AB",
      "personOrgnummer": "",
      "publiceringsdatum": "2025-12-19",
      "uppgiftslamnare": "Bolagsverket"
    },
    {
      "kungorelseid": "K969111/25",
      "kungorelsetyp": "Aktiebolagsregistret",
      "namn": "Dacko bildelar AB",
      "personOrgnummer": "",
      "publiceringsdatum": "2025-12-19",
      "uppgiftslamnare": "Bolagsverket"
    },
    {
      "kungorelseid": "K969624/25",
      "kungorelsetyp": "Aktiebolagsregistret",
      "namn": "KAS Invest AB",
      "personOrgnummer": "",
      "publiceringsdatum": "2025-12-19",
      "uppgiftslamnare": "Bolagsverket"
    },
    {
      "kungorelseid": "K969740/25",
      "kungorelsetyp": "Aktiebolagsregistret",
      "namn": "Ecoventum AB",
      "personOrgnummer": "",
      "publiceringsdatum": "2025-12-19",
      "uppgiftslamnare": "Bolagsverket"
    },
    {
      "kungorelseid": "K969742/25",
      "kungorelsetyp": "Aktiebolagsregistret",
      "namn": "Ingmarsö Elektriska AB",
      "personOrgnummer": "",
      "publiceringsdatum": "2025-12-19",
      "uppgiftslamnare": "Bolagsverket"
    }
  ],
  "meta": {
    "contains_target_keys": false,
    "host": null,
    "item_count": 162,
    "path": "/poit/rest/SokKungorelse",
    "query": {
      "amnesomradeId": "2",
      "kungorelsetypId": "4",
      "tidsperiod": "ANNAN_PERIOD",
      "tidsperiodFrom": "2025-12-19",
      "tidsperiodTom": "2025-12-19",
      "underRubrikId": "6"
    },
    "timestamp": "20251219_154002",
    "url": "/poit/rest/SokKungorelse?sokord=&kungorelseid=&kungorelseObjektPersonOrgnummer=&kungorelseObjektNamn=&tidsperiod=ANNAN_PERIOD&tidsperiodFrom=2025-12-19&tidsperiodTom=2025-12-19&amnesomradeId=2&kungorelsetypId=4&underRubrikId=6"
  }
}