{
  "company_name": "Peter Wallgren Sollefteå AB",
  "orgnr": "559563-5615",
  "folder_name": "K969755-25",
  "preview_url": "https://demo-kzmh51ltrixfqy8l38s5.vusercontent.net",
  "chat_id": "kl14AHuH9V9",
  "version_id": "b_9ftrY2V07D5",
  "cost": {
    "estimated": {
      "estimated_prompt_tokens": 972,
      "estimated_completion_tokens": 3500,
      "estimated_total_tokens": 4472,
      "estimated_cost_usd": 0.027708,
      "model": "v0-1.5-md",
      "timestamp": "2025-12-19T17:13:37.109536"
    },
    "actual": null,
    "generated_at": "2025-12-19T17:16:57.445575"
  },
  "generated_at": "2025-12-19T17:16:57.445585"
}