{
  "company_name": "MLitBoG AB",
  "orgnr": "559563-4048",
  "folder_name": "K969284-25",
  "preview_url": "https://demo-kzmpbzprt674k70vn2at.vusercontent.net",
  "chat_id": "pwVWqg8YBgE",
  "version_id": "b_oV1I8uhtaZe",
  "cost": {
    "estimated": {
      "estimated_prompt_tokens": 1040,
      "estimated_completion_tokens": 3500,
      "estimated_total_tokens": 4540,
      "estimated_cost_usd": 0.02781,
      "model": "v0-1.5-md",
      "timestamp": "2025-12-19T17:17:30.019654"
    },
    "actual": null,
    "generated_at": "2025-12-19T17:20:50.489000"
  },
  "generated_at": "2025-12-19T17:20:50.489008"
}