{
  "company_name": "POLARAIL AB",
  "orgnr": "559563-4212",
  "folder_name": "K969192-25",
  "preview_url": "https://demo-kzmo8x89b5giaepmzfxl.vusercontent.net",
  "chat_id": "j6BNkoolan2",
  "version_id": "b_h14RB4hYjui",
  "cost": {
    "estimated": {
      "estimated_prompt_tokens": 980,
      "estimated_completion_tokens": 3500,
      "estimated_total_tokens": 4480,
      "estimated_cost_usd": 0.02772,
      "model": "v0-1.5-md",
      "timestamp": "2025-12-19T16:41:10.874258"
    },
    "actual": null,
    "generated_at": "2025-12-19T16:44:00.540808"
  },
  "generated_at": "2025-12-19T16:44:00.540818"
}