{
  "folder": "K969533-25",
  "extracted_at": "2025-12-19T16:05:00.923003",
  "company_name": "Västra Flinka Consulting AB",
  "orgnr": "559563-4600",
  "verksamhet": "Löpande bokföring, redovisning och reskontra, avstämning och bokslut, hantering av dagligen ekonomiska och administrativa uppgifter, inklusive assistans med hantering av mejl, skrivning av offerter, fakturering, betalningar samt lön- och personaladministration i verksamheter med upp till 10 anställda.",
  "sate": "Örkelljunga",
  "address": "c/o Kira Skov-Nielsen, Västra Flinka 455, 286 91 ÖRKELLJUNGA,",
  "typ": "Privat aktiebolag",
  "bildat": "2025-11-20",
  "emails": [],
  "phones": [
    "0771-670 670"
  ],
  "people": [],
  "domain": {
    "guess": "vastraflinkaconsulting.se",
    "confidence": 0.4,
    "source": "company_name",
    "status": "unknown",
    "alternatives": [
      {
        "domain": "vastraflinkaconsulting.com",
        "source": "generated"
      },
      {
        "domain": "vastraflinkaconsulting.nu",
        "source": "generated"
      }
    ]
  },
  "skip_company": false,
  "skip_reason": "",
  "email_category": "unknown",
  "research": {
    "company": "Västra Flinka Consulting AB",
    "searches": [
      {
        "query": "Västra Flinka Consulting AB hemsida website",
        "summary": "Jag kunde inte hitta någon officiell hemsida (website) för Västra Flinka Consulting AB. Företaget är nyligen registrerat: bolaget bildades den 20 november 2025 och registrerades formellt den 17 december 2025, och det finns däremot detaljerad företagsinformation såsom adress och verksamhetsbeskrivning på företagsregister som Bolagsfakta ([bolagsfakta.se](https://www.bolagsfakta.se/5595634600-Vastra_Flinka_Consulting_AB?utm_source=openai)).\n\nKortfattat:\n- Västra Flinka Consulting AB saknar en offe",
        "sources": [
          {
            "url": "https://www.bolagsfakta.se/5595634600-Vastra_Flinka_Consulting_AB?utm_source=openai",
            "title": "Västra Flinka Consulting AB | Aktiebolag | Info & Löner"
          }
        ]
      },
      {
        "query": "Västra Flinka Consulting AB Löpande bokföring, redovisning och reskontra, avst kontakt",
        "summary": "Här är kort information om Västra Flinka Consulting AB samt deras verksamhetsområde och kontaktinformation:\n\n- Västra Flinka Consulting AB erbjuder \"löpande bokföring, redovisning och reskontra, avstämning och bokslut, hantering av dagligen ekonomiska och administrativa uppgifter, inklusive assistans med hantering av mejl, skrivning av offerter, fakturering, betalningar samt lön- och personaladministration i verksamheter med upp till 10 anställda.\" ([bolagsfakta.se](https://www.bolagsfakta.se/55",
        "sources": [
          {
            "url": "https://www.bolagsfakta.se/5595634600-Vastra_Flinka_Consulting_AB?utm_source=openai",
            "title": "Västra Flinka Consulting AB | Aktiebolag | Info & Löner"
          }
        ]
      },
      {
        "query": "\"Västra Flinka Consulting AB\" site:se",
        "summary": "Här är en kort sammanfattning av företaget Västra Flinka Consulting AB baserat på tillgänglig information från svenska register:\n\n• Organisationsnummer: 559563‑4600 ([bolagsfakta.se](https://www.bolagsfakta.se/5595634600-Vastra_Flinka_Consulting_AB?utm_source=openai))  \n• Bolaget är ett aktivt aktiebolag med säte i Örkelljunga, Skåne län. Adressen är c/o Kira Skov‑Nielsen, Västra Flinka 455, 286 91 Örkelljunga ([bolagsfakta.se](https://www.bolagsfakta.se/5595634600-Vastra_Flinka_Consulting_AB?ut",
        "sources": [
          {
            "url": "https://www.bolagsfakta.se/5595634600-Vastra_Flinka_Consulting_AB?utm_source=openai",
            "title": "Västra Flinka Consulting AB | Aktiebolag | Info & Löner"
          }
        ]
      }
    ],
    "domain_candidates": [
      {
        "domain": "vastraflinkaconsulting.se",
        "confidence": 0.4
      }
    ],
    "crawl_results": [
      {
        "domain": "vastraflinkaconsulting.se",
        "status": "connection_error"
      }
    ],
    "best_domain": null,
    "best_confidence": 0.0,
    "researched_at": "2025-12-19T16:11:11.042221"
  }
}