{
  "company_name": "Norrbygruppen AB",
  "orgnr": "559563-6340",
  "folder_name": "K969752-25",
  "preview_url": "https://demo-kzmgczxaunmw1xbtqfxu.vusercontent.net",
  "chat_id": "d9bNFwegfNx",
  "version_id": "b_4ExfMgovFl2",
  "cost": {
    "estimated": {
      "estimated_prompt_tokens": 981,
      "estimated_completion_tokens": 3500,
      "estimated_total_tokens": 4481,
      "estimated_cost_usd": 0.027721,
      "model": "v0-1.5-md",
      "timestamp": "2025-12-19T16:44:31.081110"
    },
    "actual": null,
    "generated_at": "2025-12-19T16:47:07.315990"
  },
  "generated_at": "2025-12-19T16:47:07.315998"
}